user_id,ip
1670,24.239.239.6
3354,87.241.53.82
4269,79.115.174.135
6372,108.20.41.30
7192,110.225.28.228
16760,74.63.71.18
16926,14.192.208.121
20233,46.109.84.109
21391,27.34.16.16
21821,197.253.9.29
24767,209.189.131.15
27492,66.44.126.19
46787,75.69.227.177
63914,59.178.189.230
64447,80.37.203.24
65143,74.88.252.191
67661,2.217.97.66
68434,79.164.36.152
77517,182.253.67.26
81243,81.240.160.126
90717,2.183.104.175
93576,24.84.165.75
116840,218.248.34.177
137696,85.73.97.246
139256,39.50.208.41
148581,64.121.31.29
152004,197.224.56.243
152244,68.110.209.77
164124,72.21.198.68
164790,200.106.92.81
167664,2.243.114.221
171137,122.170.119.142
178313,202.4.173.51
181509,129.42.208.184
182142,78.191.127.114
191453,171.159.64.10
200172,89.173.226.13
213569,41.202.8.212
219159,124.191.30.65
232791,193.206.66.82
235785,210.0.229.246
240886,2.191.171.156
244287,77.246.99.70
245683,115.186.158.6
246171,212.122.165.135
264171,92.97.72.194
287318,186.155.127.43
302333,72.52.96.14
304966,212.255.118.163
311934,125.60.156.239
318546,74.195.230.28
329922,74.76.21.37
332367,94.191.184.3
343659,190.156.42.186
345157,139.193.48.90
355653,66.108.185.83
360802,117.239.105.199
368024,71.201.157.150
373342,24.209.69.47
379007,114.143.52.11
379375,115.118.158.249
386382,117.216.85.87
389284,112.198.90.110
390251,190.13.62.139
393185,190.27.44.76
394366,190.212.50.144
396768,79.197.78.58
404203,88.6.14.99
404708,200.32.81.220
405475,189.187.50.138
407068,49.244.27.236
416064,79.165.242.109
417884,201.244.254.170
434427,108.176.19.90
450409,174.61.124.191
455753,88.10.27.22
460566,112.119.221.194
462773,123.21.126.157
465281,140.112.25.58
468623,76.167.99.152
470834,95.68.177.7
494742,204.101.11.5
495423,92.98.63.100
496049,223.18.241.243
498430,105.225.76.158
502909,80.62.119.137
515096,50.137.252.163
516539,196.15.16.106
521680,49.204.202.35
529257,203.169.63.21
535776,145.116.18.97
543163,128.91.128.229
545167,108.79.10.143
547796,103.16.70.11
548361,80.254.146.84
556636,80.174.255.248
563780,194.66.32.1
571402,79.156.130.205
572063,106.216.150.1
573031,88.71.57.68
586324,68.196.24.158
591675,212.98.140.41
593002,178.218.204.155
603737,59.185.238.65
613578,197.2.7.101
614674,124.253.213.171
621310,66.168.42.20
622377,187.126.121.69
624501,47.17.175.100
626278,182.186.226.72
633406,86.12.150.46
634966,130.88.36.199
641183,112.135.208.57
641361,85.75.129.162
647947,5.161.24.240
649060,118.143.112.146
650377,47.53.14.25
650828,203.106.200.106
653292,124.171.247.212
655752,76.105.4.71
656085,58.172.70.3
666112,190.166.135.141
676105,94.163.200.159
676173,82.196.93.7
676568,217.203.91.83
676784,93.136.60.165
678182,146.179.138.49
680195,124.197.96.42
680281,190.113.213.41
682315,103.21.127.79
682443,194.102.208.62
684896,117.203.22.161
696570,95.215.123.238
696810,88.8.82.62
711191,5.13.167.84
740801,93.80.68.88
754856,108.28.182.120
765405,115.248.181.157
770837,98.28.145.163
774903,120.59.157.221
778779,188.67.18.175
779722,50.46.240.224
779974,176.91.20.161
789335,77.78.21.115
790995,41.13.200.150
794010,98.172.67.115
809875,65.49.14.77
813108,190.159.178.74
814056,182.16.234.16
814128,68.226.179.220
815170,71.164.77.162
824343,147.91.1.41
834456,216.110.118.65
853649,98.114.158.144
854954,124.248.177.228
856562,67.170.240.192
856743,179.223.108.15
858625,113.210.8.167
860517,196.46.245.135
860764,203.3.24.23
876483,86.177.20.138
880991,200.155.87.117
888105,105.232.199.193
901356,90.154.133.40
903653,41.129.122.242
904320,178.155.243.128
907096,103.230.107.23
911769,94.228.207.199
913077,80.51.138.211
915227,182.70.30.92
918666,202.4.59.3
927748,190.26.53.118
929107,194.78.107.2
937783,178.48.233.122
947624,27.252.90.211
948787,60.240.209.71
949574,39.41.54.128
953949,198.136.161.91
957232,187.3.185.175
959496,177.192.17.15
964293,41.77.172.74
964778,88.119.29.178
973721,190.234.147.79
975634,197.162.67.167
989480,189.190.109.209
989788,200.113.211.196
992263,130.149.55.38
995359,178.175.1.154
1006993,181.54.72.19
1007887,138.16.115.67
1012644,88.5.170.237
1019724,92.1.179.163
1023051,175.138.47.252
1023902,24.165.119.90
1028224,122.177.145.154
1028384,86.27.41.64
1045060,178.222.126.166
1053540,39.47.154.165
1055875,117.198.35.123
1062475,115.78.95.48
1071141,124.6.181.178
1075259,193.152.192.114
1079962,101.62.87.205
1082756,200.113.217.22
1086187,41.191.107.40
1097581,122.172.192.29
1099101,187.105.43.69
1102971,99.225.231.137
1103761,81.45.52.208
1104984,76.67.52.204
1111881,128.138.65.113
1111933,197.223.156.139
1111980,94.113.1.170
1126119,42.61.101.178
1129755,50.246.109.21
1142911,85.163.61.94
1150054,14.98.227.223
1151452,14.99.165.149
1154430,182.53.4.68
1161846,213.73.185.203
1170508,115.84.235.70
1175838,116.50.66.30
1186468,69.251.2.39
1190401,98.122.63.42
1191782,115.113.11.220
1194667,120.57.236.208
1198564,188.129.43.194
1204428,191.176.39.9
1213407,151.20.163.195
1216603,200.82.198.38
1218696,122.117.137.129
1218910,99.99.193.152
1219688,201.141.87.21
1223981,85.251.47.115
1232748,205.189.94.13
1235519,31.18.2.133
1238357,14.169.119.110
1240958,5.12.14.15
1250589,81.232.77.60
1258793,89.150.149.56
1259623,202.62.16.125
1259918,179.210.242.162
1263272,179.209.59.86
1270512,213.81.214.63
1277318,122.169.41.249
1277924,62.74.26.102
1280581,39.47.153.160
1293979,122.171.123.175
1297622,203.189.146.247
1298523,223.29.205.2
1300596,111.93.188.210
1307701,91.65.33.165
1315329,5.199.169.60
1319986,80.83.224.18
1322734,200.115.226.167
1323625,78.165.184.75
1324161,14.96.142.70
1328741,41.45.174.12
1328766,84.2.213.168
1330757,117.206.107.54
1331034,24.7.23.29
1332967,88.177.216.48
1350190,24.209.69.47
1357455,196.46.246.152
1357711,87.64.96.233
1358736,124.6.147.100
1359836,124.83.2.130
1380439,217.76.18.125
1382253,31.31.182.163
1390836,219.78.172.128
1406336,221.127.232.42
1407516,75.157.142.206
1412878,41.190.11.232
1420352,24.114.230.21
1420878,76.117.84.71
1430538,139.132.1.27
1441867,190.47.76.197
1445363,200.110.55.185
1448016,180.234.208.23
1449149,101.50.73.137
1449567,217.58.9.30
1451850,101.176.86.222
1458405,187.67.65.62
1460709,62.1.56.161
1468891,195.57.112.9
1472513,83.60.162.171
1477683,135.23.127.186
1485227,190.213.40.59
1497490,89.68.123.18
1499502,158.82.202.5
1510680,24.185.22.222
1514832,41.150.148.107
1516346,175.156.36.113
1517028,183.39.117.95
1523641,202.3.77.239
1536343,184.36.45.114
1542083,109.160.151.86
1542928,73.37.108.132
1559601,91.182.201.225
1574082,92.87.18.46
1574739,84.205.231.39
1581788,121.54.54.55
1585922,59.93.114.249
1593481,212.49.75.194
1596991,201.37.185.109
1597707,41.130.12.46
1599300,80.217.132.191
1605215,184.2.72.172
1617852,181.52.192.157
1618576,202.176.14.114
1629203,196.29.168.2
1632584,200.121.160.168
1634300,64.114.128.91
1639344,68.175.52.229
1641077,108.162.131.68
1645800,187.111.150.101
1663793,201.234.219.98
1679997,190.150.180.242
1682005,80.188.69.40
1682048,122.161.116.44
1690361,98.190.168.27
1701938,121.206.135.169
1705799,136.234.56.129
1707011,190.206.9.158
1711058,108.45.18.120
1713887,200.87.130.229
1719258,121.230.137.49
1723619,41.203.69.2
1741554,109.84.80.214
1743856,200.21.123.146
1750750,177.41.18.20
1753525,80.29.2.24
1756096,62.201.203.69
1764210,83.231.218.1
1768588,217.216.119.211
1771352,175.111.89.14
1777293,82.78.92.2
1783641,197.255.119.28
1799581,178.152.16.66
1802138,112.204.150.115
1803082,82.245.86.151
1811516,37.24.150.213
1813451,39.32.127.149
1818375,88.18.7.225
1820619,73.178.244.42
1824006,61.8.222.250
1836066,173.212.177.217
1844033,195.67.195.9
1852668,177.159.167.229
1858462,194.98.70.137
1864758,108.171.128.188
1872693,200.201.164.118
1877356,190.37.24.17
1878445,185.40.134.3
1880884,219.110.251.207
1884246,59.189.226.247
1893039,95.42.22.194
1894702,200.120.142.46
1895163,78.37.141.192
1899841,188.100.64.57
1902163,216.220.120.34
1905717,14.139.196.3
1907595,24.34.18.124
1911028,177.133.96.215
1911233,63.66.64.246
1912064,210.6.85.89
1912288,212.88.98.35
1925262,178.193.57.220
1930579,70.53.125.199
1936405,190.56.53.146
1936849,66.108.185.83
1949522,200.8.114.48
1961795,190.166.118.15
1962194,46.239.16.237
1979836,92.55.107.197
1981885,117.205.209.122
1984373,138.246.2.41
1985394,177.140.134.90
1992511,190.21.175.210
1993947,82.205.66.178
2006580,41.223.228.17
2016410,115.118.51.134
2024898,189.111.63.189
2029693,115.242.94.185
2041361,188.123.242.17
2048958,14.139.187.71
2050675,64.231.99.192
2056047,69.163.40.65
2062493,93.132.15.150
2068024,114.143.138.47
2068509,210.4.65.130
2073016,72.83.254.239
2076209,182.66.31.17
2090214,190.118.71.94
2090834,174.57.116.213
2093526,106.51.116.59
2095816,74.14.93.132
2103276,112.208.179.25
2107526,179.32.220.182
2108391,219.91.146.158
2111754,142.109.6.1
2114133,213.143.45.230
2114763,88.128.80.205
2118527,39.50.225.199
2122846,14.139.85.200
2128628,115.252.185.251
2130320,59.182.104.185
2135446,178.135.119.51
2135575,197.181.216.53
2138962,187.66.202.165
2145759,187.207.159.0
2153523,220.237.120.221
2169217,112.79.36.145
2170624,116.68.199.107
2180258,189.73.109.221
2186958,190.79.47.67
2186986,82.61.139.73
2191648,189.86.81.201
2193055,69.63.71.166
2204825,109.237.81.164
2208796,206.205.234.74
2209144,78.53.129.106
2209423,37.46.244.193
2212550,130.104.155.14
2222118,199.16.161.78
2241200,170.133.200.240
2245801,154.120.127.57
2254411,75.171.205.107
2272883,99.229.162.64
2276351,221.127.49.176
2285921,117.216.159.232
2291919,120.57.237.22
2306001,24.100.220.38
2308814,186.28.32.11
2322870,99.236.109.245
2323184,115.248.45.78
2324552,117.193.16.181
2324628,223.255.188.42
2332502,108.45.35.68
2338461,14.139.227.82
2349837,62.172.90.245
2352147,90.218.7.103
2357642,188.69.196.2
2358213,92.15.128.192
2364005,111.92.106.229
2368554,120.147.212.49
2375535,119.40.1.70
2376838,187.57.203.213
2388970,223.227.60.232
2390562,116.12.180.98
2393812,103.5.184.7
2400890,41.159.30.178
2406023,128.71.43.89
2406359,81.213.43.201
2412545,73.46.63.34
2414442,197.224.190.36
2423899,201.103.183.66
2424352,201.255.40.201
2425300,208.73.108.205
2427310,23.239.11.219
2443543,67.244.100.136
2444599,88.3.13.21
2449408,115.115.85.18
2449913,2.182.163.141
2451111,14.139.86.166
2451609,193.173.21.236
2452048,120.56.128.184
2457937,76.206.55.7
2462274,175.107.7.76
2477230,31.61.140.111
2479132,188.93.135.34
2479703,73.10.40.167
2487304,90.191.128.202
2493037,154.120.80.75
2498421,37.216.14.243
2509401,12.180.218.252
2517919,103.4.222.2
2518569,82.201.198.236
2534336,202.45.129.180
2541112,195.193.90.30
2545138,5.15.127.100
2548755,85.74.174.220
2548769,46.71.21.33
2554117,210.11.132.118
2561954,83.37.149.163
2565516,27.4.48.45
2570769,208.122.254.142
2583147,167.220.224.39
2602635,93.183.195.210
2610347,67.250.99.24
2616772,88.149.151.162
2618920,62.28.47.98
2625240,14.97.76.239
2626368,58.97.142.2
2629349,68.37.2.195
2631506,111.201.105.49
2631701,190.41.168.40
2633813,86.38.22.41
2635677,188.48.206.17
2641719,37.114.169.117
2645723,84.227.221.26
2647177,122.176.1.29
2653344,128.42.77.224
2655337,37.8.2.73
2669162,175.139.2.143
2674064,75.182.102.127
2675901,88.172.110.96
2688705,77.248.147.35
2689974,76.26.7.116
2697586,184.76.229.97
2698239,46.227.75.68
2701365,113.210.163.106
2701831,123.115.138.69
2706118,190.143.48.156
2713286,124.180.74.20
2725322,75.180.49.129
2728765,88.229.113.44
2730188,81.84.146.141
2730565,41.220.242.194
2732276,197.157.233.142
2736366,210.213.49.51
2737151,84.101.39.180
2737872,222.165.16.74
2744569,46.188.157.110
2755410,80.254.147.100
2755464,142.161.144.211
2758255,50.162.1.138
2759033,187.20.154.75
2765380,92.99.26.81
2767965,203.201.231.36
2768008,202.134.172.75
2768753,89.93.63.229
2780141,59.46.172.231
2788257,117.254.58.183
2789044,115.242.54.240
2790942,63.143.86.102
2793113,74.215.106.66
2795147,90.205.235.75
2801708,97.90.200.243
2808468,64.28.140.40
2810362,59.92.197.131
2810893,41.68.37.42
2811853,116.7.90.248
2812275,41.220.69.181
2826130,190.62.127.235
2834561,178.128.9.136
2835922,114.134.189.11
2844103,182.58.226.10
2850220,179.212.14.162
2850753,82.44.207.191
2852052,187.233.199.249
2857684,166.137.87.211
2857839,123.118.4.155
2859015,77.253.214.102
2861369,37.133.24.246
2883239,113.21.75.108
2902312,180.200.233.250
2904405,62.103.43.165
2919366,89.130.144.203
2922387,122.174.107.125
2922738,129.94.166.154
2930239,87.255.68.7
2932681,187.104.250.133
2933283,195.124.114.41
2934496,173.68.240.175
2935182,79.171.53.91
2943134,82.169.107.81
2944857,192.35.156.11
2946988,41.73.240.231
2947475,220.237.17.178
2951598,177.66.93.14
2962493,91.59.61.2
2970624,103.243.237.5
2980755,175.143.91.104
2987158,213.109.85.213
2991179,24.130.204.79
3011545,217.66.157.17
3011552,14.97.243.27
3013867,77.120.153.154
3015683,87.68.26.40
3019010,79.245.175.24
3021344,213.87.121.234
3037889,116.14.226.63
3039845,41.208.10.82
3041868,175.139.75.173
3046089,92.246.34.60
3046362,194.65.130.38
3049501,79.25.137.65
3050811,173.73.41.177
3052663,213.108.72.134
3055450,41.73.234.181
3057842,202.175.47.122
3061991,129.108.202.60
3079281,115.42.224.89
3083797,41.214.116.122
3094085,88.11.51.239
3097498,94.71.201.55
3106332,120.62.180.215
3110329,200.13.124.36
3112883,212.5.152.109
3114356,63.77.247.10
3116208,1.38.4.13
3116251,70.33.4.100
3119493,112.79.39.145
3120290,217.129.9.204
3128623,189.228.120.187
3129885,117.197.66.13
3144133,87.65.159.184
3146815,196.22.6.243
3149720,93.144.116.107
3152510,201.116.125.35
3154586,190.113.214.26
3173584,41.222.193.199
3178964,91.228.169.254
3184355,84.206.25.86
3191753,41.249.99.78
3195977,70.194.130.132
3198301,85.167.157.22
3201527,97.65.53.253
3202892,116.6.19.100
3202994,196.211.168.33
3211088,201.243.120.66
3216159,110.38.137.48
3224551,80.87.76.3
3227122,122.178.223.188
3232611,119.82.67.138
3242796,182.188.141.28
3261209,194.246.0.14
3265264,202.52.236.194
3265429,41.77.220.83
3269620,76.100.120.11
3290781,195.212.29.179
3294316,88.0.67.7
3296730,182.64.174.159
3296733,101.63.180.250
3309786,58.249.111.139
3322065,199.244.214.111
3327074,59.92.36.6
3332551,148.241.83.242
3335552,71.41.126.45
3340534,117.213.186.228
3342722,92.224.168.82
3343896,190.155.28.140
3347350,182.74.60.204
3350137,117.244.204.5
3370727,122.105.140.231
3381275,103.3.83.246
3403447,68.81.22.0
3406351,41.75.204.104
3416828,122.248.101.51
3416833,202.66.142.98
3429558,178.198.186.123
3432071,181.64.149.150
3436125,71.178.203.146
3437613,75.190.149.82
3442877,84.114.69.81
3448161,195.29.91.59
3448332,87.217.124.180
3451206,67.165.153.216
3466233,108.43.130.187
3467602,196.11.134.77
3473009,70.116.128.238
3473382,41.58.34.22
3473671,193.92.234.183
3480354,112.198.142.199
3487766,175.110.228.109
3505624,99.239.185.216
3522982,190.213.19.173
3526081,68.11.34.35
3527038,139.194.98.231
3528196,108.185.95.184
3532024,65.36.83.249
3538823,81.21.95.10
3544988,58.35.3.183
3550404,120.61.172.240
3559604,209.179.102.71
3560418,69.132.64.71
3561012,83.58.247.112
3569114,88.81.253.162
3573784,177.141.208.31
3588167,190.36.179.245
3596150,87.223.65.68
3606335,60.225.165.196
3606411,69.121.201.222
3616359,192.8.190.10
3623262,128.61.143.69
3624427,91.74.144.227
3630612,41.205.78.95
3632466,69.47.105.164
3632797,204.52.215.2
3642856,189.245.118.157
3654795,186.150.223.219
3657871,128.61.186.25
3659694,196.221.68.97
3659948,101.216.192.214
3660405,139.205.56.126
3668560,180.247.119.15
3672649,50.136.235.110
3680306,95.116.12.169
3684110,24.164.172.106
3685981,108.209.82.176
3688884,81.129.205.220
3689251,1.53.230.54
3696555,219.75.97.232
3707197,120.28.127.118
3715660,212.88.98.35
3717089,213.30.85.178
3717196,105.235.240.38
3717817,1.38.16.123
3720932,201.141.247.44
3722819,94.64.62.79
3724403,181.65.23.187
3729336,2.127.37.158
3731180,207.181.203.208
3731483,14.96.168.30
3732068,24.130.174.18
3737510,98.227.205.150
3737539,24.87.128.156
3743225,193.134.242.13
3744370,14.139.251.100
3747596,188.76.248.31
3749087,181.65.120.245
3751445,91.116.1.85
3755106,85.74.216.39
3761669,14.162.40.193
3767655,14.100.51.21
3768331,68.100.232.162
3782021,187.133.197.8
3782639,217.193.179.162
3791413,190.213.60.128
3793628,1.23.104.126
3803975,182.206.117.234
3817371,84.47.142.3
3821382,24.248.212.105
3824151,31.208.68.0
3824363,91.18.18.57
3829238,84.105.33.30
3830810,85.58.56.28
3836668,119.161.140.154
3842167,50.53.9.140
3843674,41.66.235.165
3845034,87.251.146.67
3847063,210.94.41.89
3849800,197.155.140.139
3851085,112.135.18.51
3856837,80.113.204.26
3861089,182.64.240.5
3862421,146.229.40.109
3867325,173.79.67.200
3869528,80.29.62.174
3873646,123.231.73.27
3874735,101.170.85.77
3874831,86.143.102.42
3875196,134.95.7.245
3875879,60.51.108.190
3879819,84.163.147.246
3886455,212.116.217.15
3892859,212.180.179.40
3893001,37.220.29.130
3902835,190.4.59.199
3904642,124.66.143.114
3911039,118.35.82.229
3920929,182.64.119.124
3930670,222.152.141.97
3930862,212.44.26.228
3956392,122.177.193.11
3956829,188.110.175.59
3959920,122.165.84.220
3962734,188.250.119.198
3972502,141.113.86.92
3974658,41.66.28.80
3975643,117.192.246.99
3980750,146.232.117.93
3983612,220.136.41.32
3984385,147.30.149.56
3991105,41.218.187.127
4032512,187.237.107.167
4039515,188.155.102.67
4046165,124.6.181.204
4047270,82.178.170.27
4048056,139.190.154.217
4051995,99.54.100.200
4056199,84.124.17.244
4059291,202.167.250.59
4069542,201.214.62.47
4074406,80.71.135.71
4075453,27.106.71.73
4077847,94.221.102.112
4077942,187.4.187.160
4079943,155.201.35.56
4086791,220.227.245.12
4087121,212.95.7.3
4095738,85.88.193.194
4099218,125.239.133.132
4105441,103.249.4.42
4105776,112.198.150.53
4108074,128.239.47.164
4112622,89.107.177.18
4123847,201.29.238.133
4127769,81.110.184.169
4136248,98.165.2.47
4140120,41.203.90.6
4143715,213.248.158.177
4157949,116.231.203.187
4160771,103.227.147.252
4164785,5.250.194.52
4168799,101.127.161.165
4174237,187.28.115.32
4175506,186.91.133.123
4178964,181.155.37.236
4180957,130.185.1.239
4182670,72.43.138.42
4183208,195.241.144.199
4199837,39.59.95.157
4207487,190.156.188.153
4207501,74.76.119.196
4213268,117.218.51.3
4213607,193.97.170.7
4220480,180.197.57.197
4237044,138.220.52.171
4237774,203.191.202.234
4241359,91.183.80.58
4243181,186.90.243.160
4251986,46.19.228.6
4279783,69.137.43.20
4280909,186.59.40.40
4283503,87.208.97.54
4285016,49.148.51.252
4286748,70.208.147.88
4292342,87.221.94.46
4293196,220.244.218.212
4300985,89.237.188.97
4303625,91.209.71.109
4303752,113.184.96.109
4317708,59.91.146.255
4319255,2.51.45.107
4330934,111.119.214.226
4333161,77.44.188.140
4333523,75.185.77.52
4337630,91.144.20.78
4337849,86.66.29.2
4344287,117.200.113.10
4344390,2.219.235.104
4345329,141.244.109.31
4346366,87.220.238.93
4348630,94.113.220.82
4350249,103.245.70.181
4350898,187.74.134.166
4354940,41.206.11.55
4355319,110.74.203.73
4368405,218.231.103.88
4368750,41.206.11.183
4372036,77.44.182.163
4372958,103.248.14.174
4375343,42.104.25.135
4377247,14.139.123.51
4388510,37.157.32.66
4393589,177.204.139.18
4393602,110.159.159.144
4398875,161.23.131.247
4423818,181.65.174.244
4424315,139.0.121.149
4427349,79.112.228.56
4440949,14.102.49.248
4446655,89.155.32.116
4453768,201.253.14.53
4469168,46.217.45.131
4469668,109.116.173.103
4480402,162.233.76.49
4480807,27.251.102.130
4488714,182.68.67.144
4489802,84.253.74.162
4502385,182.239.208.27
4504104,182.68.239.103
4520491,46.64.219.226
4528011,173.74.129.84
4531441,203.17.70.25
4538281,93.73.35.185
4541798,78.43.169.150
4541980,68.39.177.42
4545869,70.30.97.229
4545998,67.225.97.100
4553729,98.150.165.198
4554199,72.222.252.103
4557557,190.161.62.89
4566045,61.121.39.191
4573154,193.227.170.162
4576866,196.46.246.170
4582951,14.139.98.4
4583318,202.69.167.36
4589883,24.114.40.181
4591996,85.81.120.103
4593145,181.177.186.27
4597435,41.206.11.12
4601205,41.189.234.243
4608504,212.98.152.55
4614768,41.220.69.117
4614871,111.93.110.142
4615538,93.70.227.15
4626493,202.57.46.18
4630930,76.212.167.122
4632677,125.25.158.107
4648788,101.80.3.70
4649064,95.122.179.40
4652243,174.95.139.122
4659126,117.193.244.34
4675211,84.109.61.32
4676189,78.101.84.79
4679115,99.235.50.165
4681106,14.161.30.80
4687246,194.129.64.45
4699659,31.7.62.162
4704240,68.127.211.238
4719777,90.153.205.5
4726473,166.82.216.14
4729326,122.162.85.190
4730096,192.196.142.20
4730234,182.237.189.106
4730731,14.139.246.27
4736280,82.3.100.207
4743139,122.161.36.234
4760258,221.216.137.63
4764417,14.140.169.162
4764643,105.235.234.4
4764764,213.57.43.234
4766246,72.27.6.231
4767921,123.114.56.61
4772367,196.0.18.62
4773568,217.73.129.90
4778982,207.35.45.230
4781219,75.3.118.130
4783018,216.174.134.2
4783851,93.219.190.152
4785408,99.19.57.112
4786722,71.62.46.168
4787780,70.31.10.197
4791894,164.100.32.66
4793845,120.63.58.86
4812106,197.215.250.198
4813719,94.210.128.178
4819599,94.21.149.169
4822444,5.108.107.197
4825406,64.68.249.239
4825563,211.121.115.227
4834750,190.157.124.35
4835725,198.161.231.10
4840708,92.113.116.89
4841946,81.240.183.87
4844162,41.223.117.19
4847139,14.139.196.9
4852030,101.111.233.133
4855689,116.230.22.11
4862804,182.64.165.131
4868869,89.217.128.137
4869276,112.209.89.111
4881416,41.205.10.66
4902583,82.137.16.9
4911977,132.156.149.136
4913924,142.162.94.31
4917517,116.107.15.22
4917691,136.159.132.162
4919242,60.165.151.61
4921718,105.112.8.4
4922421,2.166.39.115
4922695,190.194.217.136
4934498,115.248.50.28
4934546,178.92.248.213
4937494,117.239.252.98
4938908,122.170.73.212
4942287,110.154.88.238
4946425,195.57.112.9
4949024,76.100.130.214
4949573,62.227.208.252
4951532,83.115.187.23
4952930,71.131.178.133
4958400,"91.253.136.206, 107.178.35.247"
4964179,118.169.211.146
4972297,196.6.103.2
4995386,177.92.48.95
5004015,213.93.36.36
5005973,77.54.200.5
5009192,197.15.24.164
5009214,205.210.223.133
5015388,27.251.198.2
5016253,197.251.175.23
5018885,134.176.203.70
5032965,181.209.175.4
5033063,85.98.131.114
5036957,141.42.200.69
5037844,122.16.131.112
5042003,99.56.113.207
5046019,80.254.147.188
5068595,189.100.184.169
5081659,194.237.142.21
5086892,87.109.220.161
5094759,176.193.62.228
5094993,59.89.20.210
5101052,146.164.23.107
5116277,200.140.72.29
5116741,117.212.46.124
5124578,68.36.217.230
5124670,85.75.247.247
5137139,178.20.186.90
5142821,41.203.69.2
5143034,91.144.22.196
5143395,190.80.116.122
5166990,117.111.17.112
5168123,189.224.218.239
5168748,84.111.208.244
5171496,190.84.42.188
5180271,37.104.244.250
5189601,173.168.129.239
5191163,86.98.48.40
5195471,173.63.194.9
5199363,79.143.111.152
5200252,89.43.157.56
5207944,197.242.112.173
5217421,87.211.64.62
5219064,195.249.78.50
5221418,14.139.235.161
5221711,24.240.53.60
5226905,31.160.93.22
5229096,88.196.104.119
5231103,82.132.246.204
5235759,120.88.255.63
5253592,190.146.206.176
5255436,92.224.23.25
5256909,189.64.31.98
5261693,197.157.19.22
5274274,176.85.145.194
5285493,197.248.21.18
5289083,69.80.16.1
5290308,72.11.221.226
5292638,203.98.112.50
5305946,74.88.80.178
5311075,98.203.226.59
5324208,197.248.120.50
5327154,80.248.9.50
5330648,60.10.97.1
5338148,195.24.206.122
5338241,195.24.206.124
5342372,217.14.40.187
5344555,60.24.226.99
5353618,66.249.61.172
5360004,134.121.114.15
5363756,39.32.3.108
5364335,115.113.135.227
5370309,46.14.65.156
5371726,124.191.140.232
5374163,182.68.74.215
5379702,111.64.185.212
5400998,37.201.224.142
5402245,119.154.76.73
5408150,186.77.205.126
5410875,188.50.130.72
5417029,5.151.190.178
5420193,198.228.198.88
5424455,41.205.17.254
5429912,193.92.79.154
5432340,120.62.171.196
5440585,80.227.86.45
5446519,115.186.147.74
5447084,104.148.202.90
5461134,208.88.176.14
5464488,111.87.58.101
5466940,41.140.164.160
5472711,41.220.74.58
5479181,106.51.240.75
5481397,"10.86.110.167, 193.240.117.152"
5482996,37.146.78.252
5484967,77.173.71.174
5485029,190.24.138.203
5489735,14.140.125.42
5491214,146.200.146.174
5494176,59.178.172.162
5494267,49.244.73.120
5500895,31.205.56.73
5504319,24.212.22.110
5516444,2.84.144.221
5518261,116.229.38.145
5520434,85.103.51.109
5522457,103.16.71.16
5529717,157.193.226.115
5529897,188.34.76.72
5530163,23.239.12.219
5530391,101.224.47.76
5535732,112.198.82.129
5544763,183.178.67.45
5548160,113.187.16.150
5564667,189.162.248.28
5571530,41.161.57.200
5583389,74.85.27.254
5584794,75.3.122.236
5600641,81.229.76.216
5603522,117.211.82.152
5605458,62.252.153.60
5606341,124.123.230.43
5615339,160.39.65.202
5620746,158.130.212.222
5621180,94.64.205.254
5622469,24.107.66.26
5629775,177.140.192.68
5634943,124.123.122.246
5636741,117.205.13.205
5648387,62.200.20.13
5649794,95.159.0.52
5650265,181.36.7.42
5653635,90.227.230.207
5655977,175.106.9.34
5658583,151.44.68.200
5661274,178.149.201.222
5667942,193.188.161.205
5669835,190.21.121.63
5670576,41.74.167.105
5673918,178.148.32.103
5683576,91.42.119.243
5692066,177.98.54.224
5693411,201.81.94.124
5695206,80.223.135.130
5696542,122.169.130.23
5706078,80.229.28.111
5706809,202.131.98.131
5711758,186.32.18.249
5714145,41.223.64.185
5714372,202.80.43.250
5716730,62.28.82.189
5717790,117.194.116.185
5717942,41.216.230.50
5718000,197.81.81.209
5718657,197.220.16.61
5724338,59.165.106.228
5724736,27.252.225.17
5727183,58.97.141.108
5730846,175.143.139.196
5750349,41.66.200.86
5753099,128.140.208.196
5753435,41.223.180.58
5753841,80.248.5.192
5754333,217.64.102.141
5755283,79.144.8.60
5755311,47.17.147.43
5755335,41.222.211.149
5755374,197.224.191.179
5759559,31.54.247.37
5762423,39.32.247.172
5763863,213.103.196.35
5771261,115.248.189.185
5773104,103.224.144.158
5773325,117.196.92.120
5774207,41.160.187.82
5775617,83.229.122.90
5775671,41.66.236.135
5784526,72.83.233.137
5786861,125.166.201.86
5800790,200.3.181.196
5801133,174.62.142.37
5804244,164.143.240.34
5804757,90.192.163.120
5807503,95.227.83.23
5811553,92.109.181.32
5816082,41.222.208.82
5820272,195.81.88.186
5822427,114.255.15.134
5825581,181.208.244.249
5825993,41.63.2.26
5828436,72.27.64.38
5831411,174.102.221.38
5831871,108.230.93.214
5834600,41.150.175.205
5835993,186.204.197.94
5838785,200.182.161.10
5839380,41.223.105.195
5843602,196.201.203.174
5844374,106.51.235.184
5848594,5.164.138.22
5853752,123.203.193.217
5854036,216.223.27.29
5854781,197.237.56.217
5859270,173.63.31.219
5861360,196.44.109.213
5861757,190.16.26.39
5866968,197.156.95.92
5870409,87.55.104.225
5870463,110.172.129.54
5871034,188.6.50.224
5871419,208.123.162.2
5874023,189.195.214.173
5875557,202.131.98.78
5881965,62.47.181.191
5883571,110.172.129.54
5885984,59.180.234.5
5892813,197.157.0.11
5893358,212.76.254.2
5897260,182.56.237.149
5898582,41.46.117.151
5898950,174.111.231.7
5904739,182.84.194.159
5907849,59.93.195.173
5916846,86.35.201.53
5921810,93.186.31.97
5922608,189.217.49.240
5923869,83.191.82.159
5931209,68.151.48.167
5934906,93.203.231.36
5935096,62.204.192.247
5936568,189.177.91.28
5939857,115.241.185.114
5941390,46.234.161.38
5942206,197.253.16.130
5943436,202.158.222.209
5944453,179.247.42.52
5946898,41.72.221.234
5947208,106.51.242.33
5949789,194.126.10.35
5953910,208.114.154.31
5959123,85.159.196.120
5959723,82.12.255.219
5965544,61.14.137.12
5967164,197.15.75.99
5981861,14.98.32.68
5983425,83.4.133.245
5984047,71.164.183.181
5986863,182.72.15.99
5988679,191.107.33.241
5998569,59.152.197.222
6001620,217.172.29.109
6004567,116.90.229.194
6004776,59.177.225.101
6009717,212.142.103.100
6013733,75.66.149.137
6019052,210.212.247.211
6020658,89.3.202.255
6027683,2.49.82.135
6028871,82.46.162.181
6030834,217.73.129.9
6034811,95.180.103.22
6041364,120.57.237.3
6042492,103.16.71.16
6043166,71.95.136.51
6043210,217.216.129.219
6043398,186.167.242.61
6048382,50.26.174.20
6055285,46.211.186.119
6062771,61.14.103.130
6064167,27.124.11.53
6064705,41.184.64.118
6066007,112.13.226.22
6070742,103.16.70.11
6070788,151.28.156.122
6078147,207.86.175.194
6080349,109.185.164.90
6086519,177.183.139.130
6086826,66.248.175.1
6092423,209.122.116.133
6096901,41.164.139.170
6097464,121.7.239.102
6098807,27.99.11.201
6100765,202.167.250.59
6106045,187.79.126.153
6109758,67.241.38.243
6110376,180.183.130.224
6111123,49.151.71.6
6116285,162.6.97.18
6121106,81.101.197.215
6124695,98.183.210.247
6128702,116.55.232.219
6128736,14.139.86.166
6129680,79.106.109.167
6129731,213.55.105.81
6130112,1.53.31.255
6130695,120.59.9.127
6131464,5.39.30.32
6133425,186.222.152.226
6133523,103.26.193.20
6133845,117.213.218.178
6135171,112.215.63.139
6140182,92.14.182.107
6142492,187.252.110.223
6145146,194.165.147.23
6145465,86.2.120.175
6146638,125.213.193.18
6148293,81.164.29.88
6148453,38.88.188.18
6149420,172.56.8.103
6152441,78.193.229.70
6152645,77.49.80.225
6153684,188.54.71.190
6154242,117.248.7.142
6156664,203.122.57.220
6157326,213.55.93.205
6159398,41.58.212.220
6159768,110.44.123.195
6160845,49.145.86.215
6164699,95.22.237.221
6164758,120.62.180.64
6165151,151.56.132.210
6166908,71.234.119.163
6172169,188.161.135.117
6174281,60.241.42.124
6186671,64.28.140.40
6191263,72.80.111.60
6195659,121.54.32.135
6204817,27.125.146.30
6217043,31.49.141.220
6223605,41.206.11.62
6224812,180.160.20.149
6225060,134.96.78.119
6237350,76.98.233.44
6239259,115.66.95.156
6240054,10.170.1.227
6241274,192.96.15.22
6257256,88.246.72.36
6259633,89.241.137.76
6261464,123.237.21.82
6268297,84.103.66.240
6273388,109.128.228.242
6274145,95.23.200.57
6281103,2.86.255.193
6281520,80.188.98.27
6281541,195.208.48.27
6288179,191.95.242.35
6291135,65.127.60.202
6296824,201.134.170.15
6301098,178.115.130.155
6304489,163.152.120.169
6306050,213.184.40.37
6307178,49.244.99.104
6308266,80.4.174.17
6319823,93.93.84.85
6321419,195.29.161.110
6326209,90.244.236.167
6330045,183.171.172.149
6333775,79.220.230.115
6336333,185.21.163.220
6336649,41.140.223.163
6339047,188.242.46.36
6341818,186.151.45.105
6350897,220.245.214.186
6357639,62.194.202.236
6362508,176.205.158.173
6365544,101.58.109.1
6373443,77.180.93.156
6375270,116.118.67.250
6378585,193.190.253.146
6382485,101.187.108.240
6385710,41.133.147.25
6388251,61.3.161.118
6392807,79.192.107.100
6400491,92.234.24.103
6402075,192.198.151.36
6405244,122.167.211.19
6406085,58.247.86.131
6407837,178.135.79.179
6409775,108.48.212.177
6417537,109.200.139.13
6421693,80.249.75.67
6429035,107.5.46.136
6439453,"12.13.14.15, 115.178.26.219"
6441623,82.240.214.92
6448892,99.236.223.34
6450228,108.212.79.0
6454107,217.170.175.180
6454960,177.142.184.40
6457242,58.240.39.212
6460961,92.44.17.114
6469199,178.250.210.210
6476751,71.228.54.67
6477258,117.20.40.24
6489130,171.1.93.183
6493746,197.155.144.127
6496493,14.139.224.146
6497028,115.186.111.62
6497061,68.61.107.26
6498863,197.1.113.124
6505040,154.122.45.119
6507810,71.129.50.170
6510153,189.193.134.43
6519785,197.218.196.174
6521013,196.46.246.191
6522389,41.85.161.0
6527805,86.21.27.195
6547470,86.126.242.246
6556547,122.107.231.119
6559147,41.58.14.120
6561769,187.240.115.241
6564239,158.169.40.8
6570784,58.8.84.77
6572654,181.16.67.180
6584363,197.16.96.73
6588211,85.27.13.102
6590401,162.156.94.197
6594152,71.41.226.83
6602235,218.106.145.11
6602959,116.14.235.166
6604958,89.155.122.81
6608108,95.236.200.212
6618007,175.141.246.226
6619099,72.252.186.235
6620407,177.207.183.123
6624353,190.120.222.114
6625027,194.78.5.162
6651280,70.75.140.44
6651988,202.89.167.149
6662208,24.183.91.189
6664377,128.97.244.208
6664676,24.159.102.87
6667147,118.101.222.145
6668186,178.48.250.172
6673078,223.255.230.40
6673738,113.172.54.163
6676108,60.241.111.94
6676347,120.89.116.228
6677749,101.221.34.199
6677854,115.249.18.25
6690930,46.188.16.8
6691479,24.159.164.18
6697875,41.196.77.162
6698119,89.240.140.65
6703515,197.76.172.208
6708912,37.123.179.6
6715673,195.57.112.9
6721406,41.79.217.123
6729039,208.58.6.34
6731841,197.255.26.88
6734798,41.194.77.50
6742272,111.68.38.123
6752459,197.189.160.1
6757664,71.227.121.26
6758376,80.87.90.53
6760092,82.26.20.150
6761291,65.216.245.2
6769131,202.147.187.198
6771409,208.87.233.180
6773501,189.139.52.162
6773543,149.13.242.133
6777916,120.59.220.144
6781546,142.243.254.223
6783877,196.10.252.28
6785768,190.62.112.67
6786933,123.20.152.67
6805177,83.242.225.3
6806292,180.215.56.199
6808023,190.80.89.73
6811245,111.68.38.123
6817548,182.58.229.125
6818920,93.103.149.27
6824415,122.17.102.237
6826103,158.169.40.6
6827832,217.43.0.119
6830964,115.64.104.225
6832980,106.186.30.160
6834054,31.39.157.225
6844180,69.158.119.138
6846615,111.81.132.17
6851724,203.126.136.143
6861063,85.246.255.230
6864852,180.189.170.62
6865367,169.252.4.21
6867931,109.185.184.143
6868976,117.195.32.192
6869683,182.68.49.254
6874159,186.42.213.22
6879867,31.47.95.3
6884560,220.163.43.122
6885406,189.253.82.137
6886745,41.78.78.2
6888033,82.226.142.203
6896418,60.241.229.250
6896533,180.191.206.139
6898956,151.90.254.205
6904143,159.21.131.7
6906128,151.15.52.153
6918087,223.232.1.32
6928273,86.67.16.74
6930435,124.253.10.128
6931590,41.164.139.170
6932006,111.93.155.94
6942229,186.188.0.20
6942415,92.78.125.195
6942601,14.139.187.71
6945355,77.47.196.162
6946344,24.4.97.227
6952242,190.5.101.241
6962372,217.35.83.41
6963227,157.83.125.12
6963969,12.71.144.66
6965212,64.150.225.49
6970612,103.240.240.247
6971229,223.181.43.157
6972925,189.251.160.27
6976675,94.161.101.73
6976724,94.160.163.111
6977144,114.250.108.82
6981791,125.166.237.251
6982366,46.19.228.6
6984112,41.220.69.173
6988461,197.152.162.55
6989784,122.163.226.182
6995831,24.138.60.156
6999795,80.84.56.58
7001708,69.248.152.238
7010897,201.130.71.194
7015421,202.86.32.122
7015463,27.125.177.99
7021266,192.195.66.4
7021866,108.167.36.6
7022473,123.3.106.200
7022580,106.221.155.147
7028704,5.223.126.45
7029290,72.177.19.120
7035179,223.29.205.2
7039531,85.132.3.190
7040049,189.217.145.133
7040219,200.78.248.150
7045077,98.235.118.223
7048349,41.79.219.216
7049707,187.205.232.47
7049920,94.116.239.84
7052450,219.73.23.251
7052686,82.151.65.153
7054593,187.233.132.72
7055449,178.66.73.111
7056786,207.181.245.24
7061812,134.129.115.81
7062032,14.139.92.146
7064760,46.229.52.50
7065722,92.241.39.119
7074025,80.174.21.185
7077293,178.128.120.131
7092096,183.82.246.183
7098340,182.68.162.11
7104213,196.46.246.169
7123943,24.104.127.1
7124784,197.220.169.15
7130967,103.13.91.241
7132700,179.212.160.229
7134426,181.162.72.191
7136267,123.201.139.232
7136985,27.4.49.70
7137127,113.204.33.32
7141740,105.235.192.228
7146804,113.165.124.62
7147628,88.7.89.62
7147836,122.177.169.57
7155252,117.217.170.59
7156007,115.248.181.157
7165440,116.72.154.245
7166484,109.225.157.110
7166997,80.129.110.78
7167222,160.147.231.80
7167922,143.115.155.56
7170995,189.196.197.52
7176008,31.39.206.91
7182419,124.197.100.188
7184514,202.78.143.18
7189109,124.149.161.5
7192574,195.87.6.133
7200264,31.205.16.82
7200643,61.7.168.224
7203803,61.135.169.73
7210259,93.37.89.142
7211297,190.92.6.154
7213688,190.218.33.110
7218770,85.255.232.218
7221601,88.114.94.130
7222322,117.192.7.210
7224000,212.88.0.105
7233055,111.93.136.226
7233803,115.86.249.149
7235211,117.193.14.156
7237711,187.237.60.35
7239445,119.157.167.38
7247203,90.30.156.153
7247259,122.161.193.116
7250498,105.157.99.116
7251447,46.198.115.94
7253553,60.246.210.68
7255306,38.64.150.35
7279724,41.250.173.159
7281199,76.119.204.233
7281678,37.211.72.135
7281829,72.200.197.69
7284796,173.217.252.117
7292794,69.158.189.33
7294860,209.158.6.253
7298255,93.223.138.252
7301051,83.40.208.128
7314373,123.136.107.182
7326002,59.177.72.237
7326403,194.154.148.83
7332763,89.7.196.87
7337918,202.58.180.34
7339625,203.218.35.199
7341783,183.38.108.152
7342206,196.46.245.132
7348600,41.57.121.6
7348621,218.212.106.206
7350194,180.154.230.202
7351054,112.207.33.219
7353688,221.0.164.40
7354567,186.45.83.52
7362376,76.99.53.211
7362597,173.8.156.165
7368901,82.0.42.245
7368983,89.164.209.194
7372760,223.223.151.253
7378341,64.236.208.27
7383742,14.98.108.52
7384112,139.193.23.84
7384964,145.18.166.95
7385220,59.66.236.48
7385284,5.190.123.10
7385539,46.150.97.67
7385748,39.48.91.223
7386756,94.64.53.54
7389609,175.157.14.26
7390412,96.235.150.129
7390676,69.223.189.241
7391331,195.24.209.120
7393124,27.125.129.85
7394516,93.186.23.100
7396135,41.138.169.204
7397996,93.87.241.93
7398155,193.68.35.226
7398400,67.86.223.124
7402241,72.15.30.50
7408134,208.94.176.185
7408206,1.22.38.248
7410969,122.62.47.208
7415174,222.129.16.193
7422596,39.44.232.253
7424499,179.7.103.91
7434443,117.220.198.224
7437232,2.183.190.94
7443387,24.3.49.247
7443394,182.185.123.104
7446238,96.51.209.22
7451923,174.53.178.26
7456893,27.251.167.146
7458741,175.143.42.2
7459438,122.170.30.163
7459950,213.89.9.58
7460346,14.99.153.149
7462079,41.203.69.1
7471116,76.178.136.231
7473064,95.223.17.254
7473298,106.188.254.250
7479059,91.222.228.196
7479098,62.145.89.76
7496391,196.20.231.136
7503190,69.243.107.142
7504046,122.167.145.78
7507958,72.27.187.228
7508603,186.28.30.3
7511995,86.50.95.64
7514524,120.59.47.198
7516308,87.204.156.129
7518245,50.174.36.80
7519242,190.60.212.134
7520705,203.121.48.147
7522654,203.129.217.52
7526976,59.165.151.3
7527577,187.177.145.36
7531349,86.50.68.18
7537595,50.77.179.42
7538027,58.182.119.230
7538199,41.13.60.50
7540652,190.144.170.10
7541356,188.247.72.243
7542317,99.56.112.48
7545476,24.6.180.234
7545751,62.202.26.167
7548998,177.228.113.10
7549241,117.194.196.84
7552325,120.62.161.137
7552972,181.139.1.162
7553682,62.249.186.77
7557127,120.23.128.54
7558550,76.95.205.172
7559666,196.216.144.45
7560029,84.130.111.90
7568976,85.246.119.171
7572231,65.92.107.160
7576254,212.25.106.78
7577828,113.190.34.138
7585364,61.4.76.105
7585402,71.11.232.34
7589027,58.137.55.92
7589521,59.184.16.94
7594582,197.253.66.186
7594950,41.178.154.4
7596562,14.52.9.206
7605126,197.220.169.17
7606378,50.197.41.97
7608456,142.11.81.199
7616064,85.73.72.239
7619203,80.194.100.66
7623976,180.151.209.39
7625220,197.231.155.25
7625261,124.83.55.250
7626275,24.171.222.185
7627825,202.137.156.242
7631820,112.205.129.202
7634409,197.157.195.244
7638651,83.244.221.6
7640453,190.247.193.200
7643759,119.226.18.82
7644188,213.55.105.101
7644268,202.125.86.254
7647367,105.228.93.249
7648351,14.139.45.244
7648518,75.74.218.134
7654656,"103.1.183.131, 175.45.116.49"
7656146,41.75.84.90
7657907,151.229.170.4
7662862,180.149.31.166
7669480,202.90.141.5
7670120,211.253.149.10
7671860,109.109.204.117
7672319,90.200.54.191
7672667,90.210.122.230
7673178,79.225.141.186
7674234,84.31.24.196
7681431,59.180.248.6
7682393,14.139.125.180
7682991,31.47.93.165
7683914,49.213.52.189
7685322,41.141.145.237
7685719,122.164.14.1
7687309,118.151.208.190
7687573,181.208.9.169
7690617,112.198.77.249
7691833,85.154.201.125
7692966,123.120.179.26
7693262,119.2.124.64
7696885,80.28.230.77
7697127,103.18.167.118
7697214,61.245.173.6
7700642,60.52.7.67
7705622,62.206.82.236
7706813,200.116.18.99
7711738,101.220.88.9
7714240,122.179.63.7
7714996,213.37.211.19
7718724,112.201.189.192
7722285,82.157.53.78
7723165,156.106.249.68
7724307,76.26.133.227
7726522,182.56.122.244
7731284,124.6.145.117
7734083,149.200.162.150
7734557,82.171.96.234
7737855,31.47.93.170
7744458,41.46.169.89
7746610,190.92.72.40
7747869,63.135.255.151
7748594,89.210.25.25
7758840,117.211.88.36
7760894,139.193.193.215
7764250,24.114.62.197
7764985,65.49.68.183
7768549,198.209.9.124
7769829,223.239.135.63
7771324,41.204.145.210
7771757,109.189.11.119
7774754,112.198.82.21
7778402,212.215.235.123
7779409,50.201.79.196
7782481,106.215.66.246
7782708,212.174.133.181
7783000,202.1.164.222
7784053,197.215.243.0
7787685,122.161.194.121
7790836,71.58.69.75
7792236,49.244.125.160
7793662,202.138.249.7
7795049,174.94.19.54
7797036,200.35.133.105
7797623,188.25.95.147
7800040,134.176.203.70
7801843,174.1.206.30
7803025,124.6.145.117
7803474,182.64.164.168
7805902,41.138.178.130
7807364,186.45.181.187
7807843,67.80.66.232
7808312,65.94.151.184
7810449,95.7.84.216
7810589,84.232.9.237
7811410,41.58.18.58
7812568,186.45.155.124
7813161,50.1.38.54
7816613,41.202.240.5
7818352,93.208.25.182
7818648,197.211.216.186
7820012,79.200.15.155
7823652,178.191.165.2
7823741,195.24.209.22
7824022,118.71.10.104
7824803,188.79.158.32
7830656,177.141.230.45
7832893,91.54.23.117
7832969,122.170.79.178
7833164,59.94.149.247
7834119,92.249.118.72
7834159,115.229.19.211
7834508,151.55.158.56
7835414,110.174.112.146
7836033,83.165.245.235
7844921,182.71.20.37
7845882,116.212.154.30
7846351,186.203.226.99
7846894,120.59.35.61
7847054,46.37.243.238
7847107,213.55.105.81
7847277,188.245.174.245
7849852,94.67.54.72
7852148,191.249.229.159
7853182,111.93.136.226
7855388,67.83.118.182
7857613,74.79.69.218
7862562,115.218.198.217
7863865,46.53.183.152
7866504,91.50.191.27
7866611,198.169.239.3
7868685,96.125.249.193
7870576,120.61.9.145
7872690,41.203.69.6
7884242,41.220.69.120
7884315,87.109.24.58
7884697,177.205.181.216
7885074,39.47.171.183
7887326,108.204.103.110
7890937,42.115.122.219
7891117,183.16.113.37
7892210,175.110.235.125
7893791,23.239.12.219
7894083,203.115.87.218
7895945,59.182.166.22
7897284,110.185.11.213
7903722,86.8.154.36
7904848,118.92.148.198
7906146,218.69.16.26
7906227,218.103.166.142
7907430,124.244.237.253
7908504,171.99.186.234
7909383,82.205.41.237
7909636,106.203.211.62
7910780,197.15.213.162
7911324,125.146.206.131
7911631,41.203.90.229
7912836,122.162.151.171
7913379,41.202.233.180
7913652,115.66.125.233
7914711,112.118.236.200
7915634,200.116.18.99
7915710,201.233.136.96
7918858,177.125.27.62
7921323,73.179.124.213
7929266,41.220.69.105
7929953,125.212.56.146
7931306,41.190.3.135
7932862,151.46.199.85
7934578,96.23.247.54
7935898,187.189.141.208
7937305,105.235.47.35
7937414,41.189.160.50
7937519,73.180.172.69
7937665,83.8.111.47
7938781,128.111.9.43
7939892,81.36.61.81
7943315,142.229.115.128
7944127,14.201.149.112
7945658,41.216.170.14
7946000,203.160.170.180
7946541,154.122.24.170
7946842,203.160.170.180
7948250,121.54.54.249
7949012,24.92.151.194
7950404,122.164.230.216
7950488,41.189.201.2
7950746,117.192.94.59
7953904,89.136.142.205
7954124,190.213.156.62
7956456,78.26.20.198
7959339,146.88.77.5
7965099,93.186.31.114
7966124,27.251.198.2
7966208,115.186.157.248
7966543,2.177.64.131
7969435,201.66.218.24
7970040,41.66.230.60
7970114,103.1.93.46
7971372,14.98.149.3
7972559,68.144.64.138
7972699,31.11.189.247
7973667,151.44.131.240
7975659,208.181.190.136
7976363,201.6.218.104
7976947,199.79.165.2
7979214,50.184.94.247
7980468,1.23.195.107
7980703,86.125.41.163
7983253,197.250.128.87
7984506,120.59.28.170
7984709,198.105.214.108
7985976,154.102.201.232
7987477,116.202.12.123
7987923,41.66.28.73
7989734,187.213.144.82
7992107,81.164.232.180
7992222,196.2.14.71
7992286,41.13.66.36
7992630,36.73.69.119
7993178,154.122.71.183
7994922,181.224.236.1
7995236,106.51.240.181
7995834,122.172.251.121
7996701,151.46.197.248
7997975,209.169.190.173
7998394,93.146.133.192
7998852,189.242.127.217
7998902,197.160.105.188
7999273,41.33.129.162
8003078,125.22.109.19
8004728,41.69.131.55
8006966,41.58.239.74
8007433,124.125.231.29
8008975,70.30.255.31
8009285,68.46.141.97
8009688,41.206.12.46
8010071,174.7.48.105
8010746,188.50.166.254
8012484,122.172.251.121
8015934,82.219.30.45
8017441,196.210.174.152
8020713,77.172.222.49
8025764,202.137.230.240
8027601,173.250.153.30
8028944,134.225.172.132
8029709,197.239.32.35
8031393,83.76.241.148
8031419,122.164.1.109
8031928,49.126.0.36
8033965,117.192.52.151
8034315,82.178.197.153
8034703,201.149.20.194
8035290,2.89.40.69
8035957,182.68.101.222
8036156,173.88.111.203
8037069,5.109.92.58
8037209,122.161.230.174
8038460,24.130.214.115
8043618,122.178.167.139
8043701,2.86.227.100
8044064,14.140.104.54
8044428,105.226.225.38
8044444,46.198.69.120
8044569,105.227.193.214
8044597,82.77.98.133
8048286,103.16.71.16
8049008,197.248.82.18
8053498,75.159.203.210
8056119,46.195.135.231
8057856,197.231.192.51
8058069,117.202.27.207
8060549,181.1.151.61
8060933,197.46.76.11
8061176,76.76.188.248
8061264,122.167.172.108
8061386,190.233.122.202
8063650,103.247.48.161
8064924,118.92.181.50
8064936,109.98.174.49
8065234,213.55.105.126
8069315,204.193.61.254
8069437,117.200.172.135
8069815,151.75.193.179
8070422,187.240.1.214
8071258,200.116.30.195
8073547,62.44.135.241
8073704,41.58.105.29
8077487,177.147.52.81
8078221,116.202.117.167
8079160,134.17.153.214
8080616,188.195.213.81
8081240,39.32.23.254
8081275,121.54.32.147
8081419,72.197.146.33
8081570,41.202.240.5
8082167,193.244.33.47
8082735,178.192.24.201
8084518,141.70.82.221
8085138,176.252.114.151
8086461,120.168.0.162
8086596,111.119.248.226
8087353,117.192.234.99
8088518,123.237.22.0
8089145,78.128.71.39
8090373,212.253.43.110
8090965,36.71.190.110
8091877,87.222.63.111
8093573,103.26.48.250
8094190,77.209.204.169
8094286,190.46.111.199
8094565,203.122.52.98
8098076,203.190.127.229
8098225,68.2.91.180
8099117,174.44.72.181
8099732,27.251.83.10
8101743,117.205.197.182
8102372,197.159.131.121
8103157,168.167.93.245
8103903,62.145.89.76
8104049,197.158.21.210
8104259,202.67.40.196
8105132,82.222.170.18
8106182,136.173.162.129
8107227,217.164.44.137
8107228,105.165.207.211
8112221,108.180.142.78
8112352,187.233.185.16
8112749,95.5.144.58
8114787,85.183.130.138
8115535,27.255.6.96
8115550,197.251.241.0
8115801,95.172.74.49
8115979,120.148.217.103
8116446,41.77.13.231
8116592,128.146.63.138
8116594,95.235.159.201
8116652,78.158.151.191
8116767,46.227.52.100
8119113,41.189.161.62
8119190,117.208.164.8
8119246,189.147.52.29
8119474,87.103.72.69
8119505,41.204.186.122
8119662,182.69.47.158
8120213,175.123.172.82
8122959,186.74.169.43
8122965,24.1.147.240
8124209,200.218.213.80
8124264,174.67.215.155
8126087,114.199.84.2
8126099,126.253.38.150
8127317,62.145.89.76
8127833,46.26.87.183
8127955,92.253.34.238
8128184,203.190.55.61
8128536,122.55.28.69
8128551,86.177.50.243
8128622,82.246.169.132
8128882,202.159.168.44
8129153,219.64.177.23
8130078,212.22.162.178
8131594,122.167.12.118
8131770,122.178.240.95
8131956,122.167.12.118
8131983,124.40.244.196
8134475,69.181.108.241
8135694,103.16.70.11
8136200,49.149.25.250
8136411,174.6.163.177
8139199,219.64.66.236
8139445,194.98.70.140
8140083,41.216.55.132
8140295,39.41.114.188
8140408,121.54.96.138
8141092,101.170.170.139
8141440,77.22.123.230
8141555,89.79.199.210
8142056,41.190.5.233
8142543,212.252.164.240
8142992,31.52.214.143
8145800,41.203.84.213
8146861,67.161.99.123
8147610,138.220.32.117
8148089,170.164.249.19
8148704,196.46.246.48
8148750,82.84.173.106
8149364,185.19.21.41
8152251,106.203.195.144
8152648,99.225.223.98
8153645,99.27.148.126
8154211,41.58.201.64
8155214,90.168.11.115
8156459,109.166.129.63
8157252,95.91.235.231
8157834,193.220.144.98
8160571,140.116.101.163
8161052,119.30.39.100
8167216,80.218.12.147
8167244,101.163.126.134
8168547,110.225.3.214
8169996,119.2.120.98
8170755,176.209.207.52
8170773,50.90.244.11
8171279,86.51.162.11
8172037,93.218.196.118
8172173,80.108.71.51
8174577,93.186.31.96
8174730,41.66.47.57
8176816,184.148.70.65
8178102,196.46.246.177
8178930,59.178.139.111
8179388,78.101.46.250
8179518,117.212.100.54
8180153,197.187.52.63
8180548,121.91.66.177
8180813,80.254.147.100
8182365,201.244.51.183
8182835,121.54.32.152
8183928,84.238.86.105
8183991,188.66.230.190
8184839,92.51.231.222
8185002,190.160.72.38
8185176,83.42.80.3
8185264,130.156.1.78
8186530,89.211.167.194
8187076,197.224.131.17
8189653,38.65.128.33
8191213,198.72.78.1
8192207,41.234.36.179
8192395,69.120.162.42
8193079,14.98.52.96
8193098,39.47.206.7
8194302,180.215.184.152
8196553,24.239.20.200
8196602,108.31.39.213
8197214,197.251.216.74
8198425,197.78.150.58
8198769,41.218.212.51
8199136,109.29.244.116
8200065,116.202.248.39
8200096,200.119.59.170
8203072,130.204.162.227
8204982,192.12.177.140
8205983,173.34.49.199
8206015,115.65.106.82
8207482,198.228.227.174
8207666,117.193.189.242
8208603,111.93.136.226
8208855,194.230.155.215
8208902,110.175.228.187
8210164,197.159.128.122
8210754,49.144.1.17
8210959,207.244.77.24
8212221,197.130.139.46
8212895,206.251.59.18
8212999,92.97.91.200
8213907,120.28.127.186
8214453,84.20.224.242
8214865,115.236.14.98
8215297,88.20.52.12
8217109,76.76.188.248
8217134,80.76.163.245
8217867,188.123.231.11
8218939,213.55.95.144
8220306,174.95.13.161
8221285,96.243.209.140
8221377,201.81.114.110
8221906,190.156.199.34
8222542,197.248.132.34
8223859,197.237.147.131
8224433,82.198.202.10
8226141,95.155.70.166
8226701,129.67.34.173
8227158,81.173.234.142
8227195,182.185.247.43
8227219,195.127.55.108
8227450,178.135.150.138
8230445,192.86.100.203
8230486,192.86.100.78
8231588,172.56.2.167
8233247,166.90.96.6
8233285,107.216.127.106
8233833,141.237.132.64
8234140,101.177.240.223
8234401,207.161.59.89
8234480,50.167.225.37
8234658,186.215.218.240
8234767,15.203.233.77
8235161,203.176.138.178
8236953,114.134.189.40
8237235,119.159.208.171
8237729,197.86.133.81
8237932,197.161.36.202
8239041,95.21.63.148
8239786,14.99.139.45
8239879,176.35.61.220
8240014,82.199.202.196
8240136,196.46.246.175
8240550,114.242.250.7
8240655,41.33.201.34
8240747,103.14.90.89
8240894,60.241.88.11
8241423,196.46.246.66
8242723,190.213.117.132
8242807,190.213.98.185
8242844,206.205.234.74
8243198,117.194.229.230
8244087,193.240.35.98
8244382,190.156.172.230
8244573,197.149.4.43
8245260,197.237.90.126
8246712,138.220.94.113
8246881,174.60.130.161
8247341,2.89.40.69
8248341,178.84.85.199
8252198,42.104.0.11
8252696,219.239.6.109
8252728,85.108.147.9
8252881,197.157.131.18
8253062,125.212.121.31
8253065,93.91.90.38
8253938,41.184.92.110
8254237,103.248.32.6
8255392,106.216.130.72
8255456,92.149.14.225
8257136,128.138.65.84
8257695,78.177.122.166
8257945,212.189.167.221
8258705,193.251.163.13
8258788,199.7.156.138
8259578,78.191.90.94
8260204,50.124.82.42
8260714,24.217.56.134
8260887,81.182.169.9
8262425,192.222.168.83
8262529,178.194.24.89
8263066,202.79.203.91
8263230,78.101.60.37
8263356,110.22.213.180
8264384,65.49.68.187
8266927,157.159.40.37
8267652,85.141.64.25
8267670,195.24.216.130
8268157,203.215.116.44
8269436,196.46.246.155
8269514,27.106.18.10
8270979,41.222.15.253
8273020,41.138.185.198
8273409,41.186.56.230
8273483,189.251.72.214
8273867,41.58.14.197
8273890,197.237.138.86
8275853,68.48.182.81
8275864,36.81.135.155
8277277,144.36.225.110
8277534,119.157.199.207
8277896,178.168.60.88
8278150,105.224.219.28
8278668,175.157.24.148
8278732,27.147.128.194
8279021,197.253.66.139
8279327,112.198.79.181
8279380,36.70.122.166
8279491,27.109.108.204
8279565,85.255.234.99
8280658,118.209.49.18
8280908,78.92.7.70
8281302,140.207.223.188
8282112,41.203.64.131
8282242,41.223.180.250
8283216,190.25.65.130
8283554,41.203.69.2
8283853,122.174.147.194
8284023,223.176.235.216
8284178,116.75.96.134
8284542,85.183.147.213
8284834,115.74.243.13
8284845,82.139.77.73
8285059,85.132.41.1
8285069,14.99.38.214
8285104,82.132.226.244
8285148,80.186.133.105
8285775,193.176.0.97
8286145,37.191.7.238
8286902,203.215.32.163
8286986,193.255.197.238
8287023,175.45.116.54
8287116,77.249.188.24
8287293,92.229.121.67
8287300,112.198.64.50
8287361,92.224.250.135
8287699,201.244.51.183
8288262,187.202.127.43
8288300,112.199.122.185
8288691,222.128.33.35
8288713,138.88.12.55
8288754,42.117.66.21
8288791,118.69.71.139
8288850,113.161.67.86
8288899,113.172.52.76
8288906,113.173.50.22
8289007,115.74.140.95
8289120,113.23.15.207
8289242,42.113.221.37
8289267,98.192.228.57
8289509,69.129.202.160
8289841,14.169.83.102
8289921,103.13.66.66
8289934,210.245.52.218
8290217,123.30.82.230
8290394,116.66.196.130
8290401,118.68.17.195
8290478,190.97.158.227
8290563,42.118.144.150
8290792,110.174.53.206
8290803,113.173.128.81
8291160,118.68.114.249
8291981,170.56.58.147
8292186,86.12.173.9
8292436,14.161.12.197
8292571,79.199.208.78
8292592,83.32.3.50
8292691,222.127.85.30
8293126,123.30.74.229
8293410,90.147.69.49
8293726,113.161.81.84
8293746,180.234.241.109
8293815,193.128.74.82
8293907,220.226.101.210
8294094,192.95.77.41
8294253,41.58.2.178
8294827,120.198.171.175
8294838,62.173.60.229
8295679,86.22.131.96
8296233,201.244.51.183
8296410,182.72.138.30
8296936,186.136.157.84
8297737,108.5.40.40
8298226,115.72.248.137
8298791,118.68.147.16
8299676,115.97.42.137
8300070,106.220.110.192
8300073,76.92.190.119
8300313,203.81.71.106
8300442,200.18.49.14
8300588,41.86.41.13
8300710,189.195.244.81
8301159,109.214.46.165
8301338,157.150.192.237
8301546,115.187.56.232
8301970,122.167.46.169
8303034,84.91.170.90
8303859,124.240.214.85
8304173,50.176.249.221
8304214,174.6.105.127
8304965,152.231.34.49
8305540,210.245.1.206
8306094,49.151.13.234
8306158,174.89.56.89
8307277,182.68.49.108
8307328,27.4.165.197
8307466,112.0.90.106
8307772,66.193.205.194
8307799,59.93.74.144
8307800,111.93.136.226
8307807,111.93.136.226
8307810,111.93.136.226
8307811,103.16.71.16
8307814,103.16.71.16
8307815,103.16.71.16
8307818,111.93.136.226
8307820,103.16.71.15
8307825,116.202.109.242
8307828,117.192.241.15
8307831,122.178.241.193
8307833,111.93.136.226
8307840,122.167.216.50
8307842,27.251.198.2
8307846,117.221.126.62
8307848,103.16.70.11
8307850,59.92.164.104
8307851,49.200.116.253
8307852,27.251.198.2
8307855,103.16.70.11
8307858,117.202.69.31
8307859,111.93.136.226
8307862,117.213.177.65
8307863,117.192.67.214
8307865,117.221.17.69
8307867,103.16.71.15
8307868,115.99.196.55
8307876,223.227.77.38
8307882,117.221.17.69
8307883,59.92.153.56
8307889,117.192.56.38
8307897,117.192.175.197
8307930,27.251.83.10
8307954,27.251.198.2
8307956,122.167.218.108
8307992,116.202.105.184
8308002,116.202.130.117
8308006,106.51.234.150
8308013,116.202.130.117
8308025,113.193.153.41
8308050,122.178.240.95
8308071,103.16.71.16
8308080,27.251.83.10
8308091,103.28.227.78
8308104,27.251.83.10
8308122,117.208.185.197
8308181,116.202.116.84
8308381,152.112.128.13
8309202,217.15.33.60
8309426,77.99.153.129
8310628,113.160.94.30
8310858,110.53.220.107
8310895,154.69.35.49
8311250,116.108.44.3
8311935,93.194.74.31
8311954,146.182.18.47
8314053,115.73.100.236
8314129,217.110.94.67
8314687,176.84.159.138
8315260,117.192.131.114
8315529,58.186.56.233
8315787,111.93.136.226
8315849,219.64.66.236
8316162,27.251.198.2
8316258,223.227.43.61
8319602,152.120.172.41
8319787,196.46.246.66
8319919,92.97.209.186
8320761,58.164.190.125
8323342,197.225.2.163
8325013,31.52.56.241
8325759,117.3.4.27
8326175,122.175.158.201
8326646,41.13.104.144
8327868,84.250.41.193
8328004,178.20.190.18
8328304,122.161.167.101
8328599,180.74.160.236
8330386,123.20.8.96
8330635,187.240.81.104
8333453,41.13.104.242
8334915,130.159.148.47
8335720,212.85.203.30
8335869,201.140.108.205
8338636,1.54.176.34
8338896,111.85.141.34
8339394,106.51.98.175
8339534,219.92.62.33
8339608,82.3.214.242
8340028,202.1.168.148
8340354,176.36.147.5
8343420,145.64.254.240
8343455,59.167.110.197
8346015,110.224.203.87
8346292,197.156.242.4
8348442,41.216.170.14
8348999,196.217.106.207
8349971,186.77.197.240
8350410,66.31.126.33
8351978,96.241.121.70
8354058,27.251.198.2
8354487,41.203.67.132
8355726,212.242.237.48
8356547,213.161.145.242
8357734,122.160.49.154
8358946,146.90.40.193
8359013,24.141.243.58
8359740,103.16.70.11
8359807,116.203.176.59
8360477,96.35.105.58
8361118,46.0.79.233
8361132,62.32.68.27
8362601,212.159.136.26
8364779,49.200.246.56
8364789,49.200.246.56
8364799,111.93.136.226
8364947,27.251.83.10
8366180,78.0.241.247
8366888,1.178.225.102
8367910,88.233.173.193
8367981,27.107.21.65
8368075,117.194.81.230
8368634,182.72.83.70
8370724,103.17.48.40
8371376,61.245.173.223
8372650,72.43.122.112
8374058,115.97.7.200
8374318,216.174.145.10
8374815,115.186.152.129
8376795,178.199.176.211
8377297,188.204.40.241
8381045,188.52.119.184
8381410,71.238.172.95
8383605,10.167.5.233
8388130,137.92.97.211
8388608,148.168.96.24
8389418,77.102.89.246
8390876,87.212.87.92
8392108,190.162.8.219
8396148,59.165.151.3
8397655,190.131.126.228
8398076,75.189.192.251
8398361,86.26.161.225
8398661,79.10.146.126
8400793,59.10.144.24
8401634,203.31.52.162
8403839,119.154.91.187
8405858,168.202.253.3
8417650,14.203.46.220
8435899,147.132.254.226
8446542,49.205.91.239
8447743,5.251.156.37
8449543,212.96.12.234
8455044,86.159.238.129
8459797,117.212.248.141
8461560,41.71.153.159
8481234,61.245.163.12